word_id,word,sentence_id,sentence,,,,,,,,,,,,,,,,,,,
j3cflScQLfo_w,qualitative,j3cflScQLfo_d,relating to how good or bad something is,,,,,,,,,,,,,,,,,,,
mfp9Jb5pfEY_w,concept,mfp9Jb5pfEY_d,an abstract idea.,,,,,,,,,,,,,,,,,,,
wNZIAo8zLP0_w,attach,wNZIAo8zLP0_d,"to fasten, join, or connect something",,,,,,,,,,,,,,,,,,,
CLSIZPQeWJU_w,meter,CLSIZPQeWJU_d,a device that measures the amount of something that is used,,,,,,,,,,,,,,,,,,,
_Tbcd3_o3-E_w,owing to,_Tbcd3_o3-E_d,Because of ,,,,,,,,,,,,,,,,,,,
s5ev9o9-Hj4_w,entertain,s5ev9o9-Hj4_d,to keep a group of people interested or enjoying themselves,,,,,,,,,,,,,,,,,,,
U-FDYYp3OfI_w,advertisement,U-FDYYp3OfI_d,"a picture, short film, song, etc. that tries to persuade people to buy a product or service, or a piece of text that tells people about a job, etc.",,,,,,,,,,,,,,,,,,,
tz0m5R2Tfeo_w,bouquet,tz0m5R2Tfeo_d,An attractively arranged bunch of flowers given as a present or to welcome someone.,,,,,,,,,,,,,,,,,,,
KQpXEZpNF1s_w,altogether,KQpXEZpNF1s_d,completely or in total,,,,,,,,,,,,,,,,,,,
yYAuTrPtnxc_w,concerned,yYAuTrPtnxc_d,Worried.,,,,,,,,,,,,,,,,,,,
X7W6YeT2JZk_w,sanctify,X7W6YeT2JZk_d,to make something or someone holy ,,,,,,,,,,,,,,,,,,,
mxJapRjh1BM_w,unbreakable,mxJapRjh1BM_d,impossible to break,,,,,,,,,,,,,,,,,,,
BPkY6fJerkM_w,mechanism,BPkY6fJerkM_d,"a part of a machine, or a set of parts that work together",,,,,,,,,,,,,,,,,,,
6_Lnzu1WFPI_w,accomplish,6_Lnzu1WFPI_d,to finish something successfully or to achieve something,,,,,,,,,,,,,,,,,,,
RY2eefQqXvs_w,zenith,RY2eefQqXvs_d,the point in the sky directly above you ,,,,,,,,,,,,,,,,,,,
CB5Qabozm6w_w,interaction,CB5Qabozm6w_d,an occasion when two or more people or things communicate with or react to each other.,,,,,,,,,,,,,,,,,,,
ON6mteoL6yg_w,electricity,ON6mteoL6yg_d,"a form of energy that can be produced in several ways and that provides power to devices that create light, heat, etc.",,,,,,,,,,,,,,,,,,,
Zfvba8MyFPY_w,maker,Zfvba8MyFPY_d,the people or company that make something,,,,,,,,,,,,,,,,,,,
FRLkJ9K3sVQ_w,impel,FRLkJ9K3sVQ_d,to force someone to do something,,,,,,,,,,,,,,,,,,,
Tm6YgG2d8Nk_w,acquisition,Tm6YgG2d8Nk_d,the process of getting something,,,,,,,,,,,,,,,,,,,
qrOofeX8eJ8_w,elude - 2,qrOofeX8eJ8_d,to not be caught by someone,,,,,,,,,,,,,,,,,,,
tjgCta6iTgs_w,court,tjgCta6iTgs_d,"a place where trials and other legal cases happen, or the people present in such a place, especially the officials and those deciding if someone is guilty",,,,,,,,,,,,,,,,,,,
1Kus_VFkXlk_w,persist,1Kus_VFkXlk_d,"If an unpleasant feeling or situation persists, it continues to exist",,,,,,,,,,,,,,,,,,,
BNF2q1Hysj8_w,advantage,BNF2q1Hysj8_d,a condition giving a greater chance of success,,,,,,,,,,,,,,,,,,,
I1dQ1sS8Lio_w,underdog - 2,I1dQ1sS8Lio_d,"the weaker of two competitors,  or anyone  not expected to win a competition",,,,,,,,,,,,,,,,,,,
2nJ6ahb45OU_w,buddy,2nJ6ahb45OU_d,a close friend,,,,,,,,,,,,,,,,,,,
dVLZa2PQEII_w,scowl,dVLZa2PQEII_d,to look at someone or something with a very annoyed expressionThe boy scowled at her and reluctantly followed her back into school.,,,,,,,,,,,,,,,,,,,
hQqPbzh4PVk_w,adversarial,hQqPbzh4PVk_d,involving people opposing or disagreeing with each other,,,,,,,,,,,,,,,,,,,
scJSFdl6vqk_w,quandary,scJSFdl6vqk_d,a state of not being able to decide what to do about a situation in which you are involved,,,,,,,,,,,,,,,,,,,
ucu7LxTJoBk_w,accurate,ucu7LxTJoBk_d,"correct, exact, and without any mistakes.",,,,,,,,,,,,,,,,,,,
lHnwkx0eTwM_w,queue,lHnwkx0eTwM_d,"A line of people, usually standing or in cars, waiting for something.",,,,,,,,,,,,,,,,,,,
OGHkRmbVr3Y_w,accent,OGHkRmbVr3Y_d,"the way in which people in a particular area, country, or social group pronounce words",,,,,,,,,,,,,,,,,,,
qItgIgZzXnc_w,adapt,qItgIgZzXnc_d,to change your ideas or behaviour to make them suitable for a new situation.,,,,,,,,,,,,,,,,,,,
afpdqLzBytI_w,deceptive,afpdqLzBytI_d,making you believe something that is not true.,,,,,,,,,,,,,,,,,,,
DBktOqTh9Uk_w,enthusiasm,DBktOqTh9Uk_d,a feeling of energetic interest in a particular subject or activity and an eagerness to be involved in it,,,,,,,,,,,,,,,,,,,
uS53DpO-l3k_w,cheer up,uS53DpO-l3k_d,"If someone cheers up, or something cheers someone up, they start to feel happier",,,,,,,,,,,,,,,,,,,
xGBTymkkD5w_w,tender,xGBTymkkD5w_d,"(of part of the body) painful, sore, or uncomfortable when touched.",,,,,,,,,,,,,,,,,,,
wNX5EJHUES0_w,effusive,wNX5EJHUES0_d,"expressing welcome, approval, or pleasure in a way that shows very strong feeling",,,,,,,,,,,,,,,,,,,
ZP09uzf6uF8_w,awareness,ZP09uzf6uF8_d,"knowledge that something exists, or understanding of a situation or subject at the present time based on information or experience.",,,,,,,,,,,,,,,,,,,
bRHRKa5R-bI_w,diplomacy,bRHRKa5R-bI_d,,,,,,,,,,,,,,,,,,,,
VnU7dyXgsAo_w,frustration,VnU7dyXgsAo_d,the feeling of being upset or annoyed as a result of being unable to change or achieve something.,,,,,,,,,,,,,,,,,,,
u4P-ICTxQdU_w,ravenous,u4P-ICTxQdU_d,extremely hungry,,,,,,,,,,,,,,,,,,,
5iIb7JC1mC8_w,quiver,5iIb7JC1mC8_d,"to shake slightly, often because of strong emotion",,,,,,,,,,,,,,,,,,,
YuEOgnEL5-M_w,compel,YuEOgnEL5-M_d,to force someone to do something,,,,,,,,,,,,,,,,,,,
Nejuqg9XCLE_w,rude,Nejuqg9XCLE_d,not polite; offensive or embarrassing,,,,,,,,,,,,,,,,,,,
UqCIjGRqdGE_w,policy,UqCIjGRqdGE_d,"a set of ideas or a plan of what to do in particular situations that has been agreed to officially by a group of people, a business organization, a government, or a political party",,,,,,,,,,,,,,,,,,,
iubciNlbhh8_w,secured,iubciNlbhh8_d,"secured loans, debts, etc. involve an agreement for the lender to take particular assets from the borrower if the money is not paid back",,,,,,,,,,,,,,,,,,,
ABZhHI6228g_w,elude - 1,ABZhHI6228g_d,"If something that you want eludes you, you do not succeed in achieving it",,,,,,,,,,,,,,,,,,,
oS9czmlqK6w_w,everywhere,oS9czmlqK6w_d,"to, at, or in all places or the whole of a place",,,,,,,,,,,,,,,,,,,
uc7UKq81JdM_w,advert,uc7UKq81JdM_d,an advertisement,,,,,,,,,,,,,,,,,,,
Si3y5f7woD0_w,effective,Si3y5f7woD0_d,successful or achieving the results that you want.,,,,,,,,,,,,,,,,,,,
SXy03IAmr_A_w,accompany,SXy03IAmr_A_d,go somewhere with (someone) as a companion or escort.,,,,,,,,,,,,,,,,,,,
peySczycRYU_w,avarice,peySczycRYU_d,an extremely strong wish to get or keep money or possessions,,,,,,,,,,,,,,,,,,,
c-PT1cEougQ_w,adopt,c-PT1cEougQ_d,to legally take another person's child into your own family and take care of him or her as your own child.,,,,,,,,,,,,,,,,,,,
rzrll2_y7Xk_w,procrastinate,rzrll2_y7Xk_d,to delay doing something,,,,,,,,,,,,,,,,,,,
pTIJ-8yubFs_w,consultant,pTIJ-8yubFs_d,someone who advises people on a particular subject,,,,,,,,,,,,,,,,,,,
Bvu2bvf0Nhw_w,exceed,Bvu2bvf0Nhw_d,"to be greater than a number or amount, or to go past an allowed limit",,,,,,,,,,,,,,,,,,,
8Ui2qv0zkjA_w,stupid,8Ui2qv0zkjA_d,,,,,,,,,,,,,,,,,,,,
y_zV7Qkiyeo_w,examination,y_zV7Qkiyeo_d,the act of looking at or considering something carefully in order to discover something,,,,,,,,,,,,,,,,,,,
gBFxE8tJu8Q_w,mixture,gBFxE8tJu8Q_d,"a substance made from a combination of different substances, or any combination of different things",,,,,,,,,,,,,,,,,,,
DJdvsTI55Rg_w,consensus,DJdvsTI55Rg_d,a general agreement.,,,,,,,,,,,,,,,,,,,
WabgM-SmPzU_w,candidate,WabgM-SmPzU_d,a person who is competing to get a job or elected position,,,,,,,,,,,,,,,,,,,
6VINDvdwb_E_w,sustain,6VINDvdwb_E_d,to cause or allow something to continue for a period of time.,,,,,,,,,,,,,,,,,,,
xsnL27VAyOI_w,decorate,xsnL27VAyOI_d,make (something) look more attractive by adding extra items or images to it,,,,,,,,,,,,,,,,,,,
7tK-aXT9AM8_w,menu,7tK-aXT9AM8_d,a list of the food that you can eat in a restaurant,,,,,,,,,,,,,,,,,,,
jIpDX-xNPI4_w,zygote,jIpDX-xNPI4_d,the cell that is formed when a female reproductive cell and a male reproductive cell join ,,,,,,,,,,,,,,,,,,,
0pth6-vW81w_w,decisive,0pth6-vW81w_d,"able to make decisions quickly and confidently, or showing this quality.",,,,,,,,,,,,,,,,,,,
MGRLpUCM6No_w,shrivel,MGRLpUCM6No_d,"to become dry, smaller, and covered with lines as if by crushing or folding, or to make something do this.",,,,,,,,,,,,,,,,,,,
5xPTHpYQfeE_w,analysis,5xPTHpYQfeE_d,"the act of studying or examining something in detail, in order to discover more about it",,,,,,,,,,,,,,,,,,,
Px3YHp0J81U_w,edgy,Px3YHp0J81U_d,nervous; not calm,,,,,,,,,,,,,,,,,,,
vG5O-N2If4U_w,nevertheless,vG5O-N2If4U_d,despite what has just been said or referred to ,,,,,,,,,,,,,,,,,,,
X2H5laZ8PFo_w,rancour,X2H5laZ8PFo_d,a feeling of hate and continuing anger about something in the past,,,,,,,,,,,,,,,,,,,
NaADM_m9FSI_w,rectify,NaADM_m9FSI_d,to correct something or make something right,,,,,,,,,,,,,,,,,,,
qpxHigzHK9U_w,opportunity,qpxHigzHK9U_d,"an occasion or situation that makes it possible to do something that you want to do or have to do, or the possibility of doing something.",,,,,,,,,,,,,,,,,,,
W4qJmEBZr8c_w,earring,W4qJmEBZr8c_d,"a piece of jewellery, usually one of a pair, worn in a hole in the ear or fastened to the ear by a clip",,,,,,,,,,,,,,,,,,,
MDCsV2GLVis_w,stance,MDCsV2GLVis_d,"a way of thinking about something, especially expressed in a publicly stated opinion",,,,,,,,,,,,,,,,,,,
SEKRNyZ9Sgg_w,attractive,SEKRNyZ9Sgg_d,causing interest or pleasure,,,,,,,,,,,,,,,,,,,
rD5qE7Z3QaM_w,look out,rD5qE7Z3QaM_d,to watch what is happening and be careful.,,,,,,,,,,,,,,,,,,,
Fpg5dgFQofk_w,each,Fpg5dgFQofk_d,"every thing, person, etc. in a group of two or more, considered separately",,,,,,,,,,,,,,,,,,,
KH9awHgg9Uw_w,cram,KH9awHgg9Uw_d,to try to learn a lot very quickly before an exam,,,,,,,,,,,,,,,,,,,
SUPU7QRMZw8_w,advice,SUPU7QRMZw8_d,an opinion that someone offers you about what you should do or how you should act in a particular situation,,,,,,,,,,,,,,,,,,,
PX8yyGWh_7k_w,misfortune,PX8yyGWh_7k_d,"bad luck, or an unlucky event",,,,,,,,,,,,,,,,,,,
GbSl8yhZDv8_w,date,GbSl8yhZDv8_d,"a social meeting planned before it happens, especially one between two people who have or might have a romantic relationship",,,,,,,,,,,,,,,,,,,
J1xPH6Rugio_w,avail of,J1xPH6Rugio_d,to make use of something,,,,,,,,,,,,,,,,,,,
l4B2uplSuiE_w,replenish,l4B2uplSuiE_d,to fill something up again,,,,,,,,,,,,,,,,,,,
ojWQ4ZOSKk4_w,foul,ojWQ4ZOSKk4_d,extremely unpleasant.,,,,,,,,,,,,,,,,,,,
TivYFPrGSNg_w,radical,TivYFPrGSNg_d,believing or expressing the belief that there should be great or extreme social or political change,,,,,,,,,,,,,,,,,,,
mutZAFDJmKI_w,see off,mutZAFDJmKI_d,to go to the place that someone is leaving from in order to say goodbye to them,,,,,,,,,,,,,,,,,,,
H6a1QmSuToM_w,ridiculous,H6a1QmSuToM_d,stupid or unreasonable and deserving to be laughed at,,,,,,,,,,,,,,,,,,,
LlT0Hf_hRIM_w,toil,LlT0Hf_hRIM_d,to work hard.,,,,,,,,,,,,,,,,,,,
IBOW-mmD4hg_w,terse,IBOW-mmD4hg_d,"using few words, sometimes in a way that seems rude or unfriendly",,,,,,,,,,,,,,,,,,,
oSdM1ORpL8M_w,thrilled,oSdM1ORpL8M_d,extremely happy about something,,,,,,,,,,,,,,,,,,,
Zpw0RLxTNoA_w,addict,Zpw0RLxTNoA_d,"a person who cannot stop doing or using something, especially something harmful.",,,,,,,,,,,,,,,,,,,
vR2vuVANEQk_w,edible,vR2vuVANEQk_d,suitable or safe for eating,,,,,,,,,,,,,,,,,,,
skPSZU0gZJE_w,exact,skPSZU0gZJE_d,"in great detail, or complete, correct, or true in every way",,,,,,,,,,,,,,,,,,,
8LoVo8y_Oic_w,inconvenience,8LoVo8y_Oic_d,"a state or an example of problems or trouble, often causing a delay or loss of comfort",,,,,,,,,,,,,,,,,,,
MFZJTpIvwio_w,nearby,MFZJTpIvwio_d,not far away ,,,,,,,,,,,,,,,,,,,
eSuhRYLOqPw_w,native ,eSuhRYLOqPw_d,relating to or someone's country or place of birth or someone who was born in a particular country or place ,,,,,,,,,,,,,,,,,,,
pBU_tMBIM9E_w,thwart,pBU_tMBIM9E_d,to stop something from happening or someone from doing something,,,,,,,,,,,,,,,,,,,
861X7yZmXwU_w,berate,861X7yZmXwU_d,to criticize or speak in an angry manner to someone,,,,,,,,,,,,,,,,,,,
TheDJtPZdzQ_w,refuse,TheDJtPZdzQ_d,to say that you will not do or accept something,,,,,,,,,,,,,,,,,,,
YHo9rHrUGP8_w,vibes,YHo9rHrUGP8_d,the feeling you get from being in a particular place or situation or from being with a particular person,,,,,,,,,,,,,,,,,,,
GrKIA99UGMI_w,immature,GrKIA99UGMI_d,not behaving in a way that is as calm and wise as people expect from someone of your age,,,,,,,,,,,,,,,,,,,
ptj3ND19s68_w,dump,ptj3ND19s68_d,to put down or drop something in a careless way,,,,,,,,,,,,,,,,,,,
mvsesnKooAA_w,estrangement,mvsesnKooAA_d,"a period when you are estranged from someone (= no longer friendly with them), or the fact of no longer being friendly",,,,,,,,,,,,,,,,,,,
sOAahE7G7is_w,accidentally,sOAahE7G7is_d,by chance or by mistake.,,,,,,,,,,,,,,,,,,,
rJvU_NOuwRA_w,cafe,rJvU_NOuwRA_d,a restaurant where simple and usually quite cheap meals are served,,,,,,,,,,,,,,,,,,,
2am65aHTIRA_w,competent,2am65aHTIRA_d,able to do something well.,,,,,,,,,,,,,,,,,,,
HtoVMp9gYOA_w,superior,HtoVMp9gYOA_d,higher in rank or social position than others,,,,,,,,,,,,,,,,,,,
VaRDpQOuvJM_w,avid,VaRDpQOuvJM_d,extremely eager or interested,,,,,,,,,,,,,,,,,,,
5ncS0vBocO0_w,explorer,5ncS0vBocO0_d,someone who travels to places where no one has ever been in order to find out what is there,,,,,,,,,,,,,,,,,,,
BG__MHnFZgE_w,earful,BG__MHnFZgE_d,1an outpouring of news or gossip,,,,,,,,,,,,,,,,,,,
wrKYlMGgRRQ_w,congenial,wrKYlMGgRRQ_d,friendly and pleasant,,,,,,,,,,,,,,,,,,,
n9TDPKexXzw_w,equip,n9TDPKexXzw_d,to provide a person or a place with objects that are necessary for a particular purpose,,,,,,,,,,,,,,,,,,,
kxz4AA9lNmY_w,spoilsport,kxz4AA9lNmY_d,a person who stops other people from enjoying themselves,,,,,,,,,,,,,,,,,,,
QnhCavVEYCI_w,choice,QnhCavVEYCI_d,an act of choosing between two or more possibilities.  ,,,,,,,,,,,,,,,,,,,
tkEw7dEAKBM_w,modest,tkEw7dEAKBM_d,"not large in size or amount, or not expensive",,,,,,,,,,,,,,,,,,,
rahU3wO6czo_w,intend,rahU3wO6czo_d,to have as a plan or purpose.,,,,,,,,,,,,,,,,,,,
SnJUsE4wpr0_w,ellipsis,SnJUsE4wpr0_d,a situation in which words are left out of a sentence but the sentence can still be understood,,,,,,,,,,,,,,,,,,,
uKIi5p4ozh8_w,slash,uKIi5p4ozh8_d,"to cut with a sharp blade using a quick, strong movement",,,,,,,,,,,,,,,,,,,
xPfNGGJqSaA_w,reconcile,xPfNGGJqSaA_d,to find a way in which two situations or beliefs that are opposed to each other can agree and exist together,,,,,,,,,,,,,,,,,,,
7PcZoqPll0k_w,majority,7PcZoqPll0k_d,the larger number or part of something,,,,,,,,,,,,,,,,,,,
vjK0h7XGewE_w,immediate,vjK0h7XGewE_d,happening or done without delay or very soon after something else,,,,,,,,,,,,,,,,,,,
eie6yTNbN4k_w,burden,eie6yTNbN4k_d,a duty or responsibility that is hard to bear,,,,,,,,,,,,,,,,,,,
WAzBIGcdzSY_w,startle,WAzBIGcdzSY_d,to do something unexpected that surprises and sometimes worries a person or animal,,,,,,,,,,,,,,,,,,,
qzBaNu4EDrQ_w,mysterious,qzBaNu4EDrQ_d,"strange, not known, or not understood",,,,,,,,,,,,,,,,,,,
BaSt1HrxXq0_w,keep out,BaSt1HrxXq0_d,to stop or prevent (someone or something) from entering a place.,,,,,,,,,,,,,,,,,,,
YAw1Dsv2_Jo_w,dereliction,YAw1Dsv2_Jo_d,failure to do what you should do,,,,,,,,,,,,,,,,,,,
IsJNIZuIWrk_w,depict,IsJNIZuIWrk_d,to represent or show something in a picture or story,,,,,,,,,,,,,,,,,,,
zpkJNsXgyCk_w,betray,zpkJNsXgyCk_d,"If you betray someone who loves or trusts you, your actions hurt and disappoint them.",,,,,,,,,,,,,,,,,,,
4uVjzBqNXkE_w,furtively,4uVjzBqNXkE_d,secretly and often dishonestly,,,,,,,,,,,,,,,,,,,
T0waubuK70M_w,ravishing,T0waubuK70M_d,very beautiful,,,,,,,,,,,,,,,,,,,
xnrRwCGEhDY_w,via - 2,xnrRwCGEhDY_d,"using a particular machine, system, or person to send or receive something ",,,,,,,,,,,,,,,,,,,
ypGaWed2-4o_w,tumid,ypGaWed2-4o_d,"(of a part of the body) swollen, and larger in size than normal",,,,,,,,,,,,,,,,,,,
CKP94wfySWw_w,meddle,CKP94wfySWw_d,"to try to change or have an influence on things that are not your responsibility, especially by criticizing in a damaging or annoying way",,,,,,,,,,,,,,,,,,,
tcunPwYlTuU_w,eager,tcunPwYlTuU_d,"wanting very much to do or have something, especially something interesting or enjoyable",,,,,,,,,,,,,,,,,,,
zAzM7hFn3kE_w,settle,zAzM7hFn3kE_d,"to pay, especially money that you owe.",,,,,,,,,,,,,,,,,,,
cVOJIH7mEas_w,excess,cVOJIH7mEas_d,"an amount that is more than acceptable, expected, or reasonable",,,,,,,,,,,,,,,,,,,
pkYmIpVgB2A_w,notion,pkYmIpVgB2A_d,a belief or idea ,,,,,,,,,,,,,,,,,,,
BYDhyNP5fK8_w,fatuous,BYDhyNP5fK8_d,"stupid, not correct, or not carefully thought about",,,,,,,,,,,,,,,,,,,
rKV7gMudw_o_w,foretell,rKV7gMudw_o_d,to say what is going to happen in the future,,,,,,,,,,,,,,,,,,,
1y33mnpgqyE_w,include,1y33mnpgqyE_d,"to add as part of something else; put in as part of a set, group, or category",,,,,,,,,,,,,,,,,,,
z_H7F89q_Kw_w,ravage,z_H7F89q_Kw_d,to cause great damage to something,,,,,,,,,,,,,,,,,,,
vA8-Sv3474g_w,admire,vA8-Sv3474g_d,to respect and approve of someone or their behaviour,,,,,,,,,,,,,,,,,,,
YnvT2TZt17c_w,excuse,YnvT2TZt17c_d,a false reason that you give to explain why you do something,,,,,,,,,,,,,,,,,,,
zvUzEhxfpnw_w,myth,zvUzEhxfpnw_d,a commonly believed but false idea,,,,,,,,,,,,,,,,,,,
HbeLuowRM5Q_w,biography,HbeLuowRM5Q_d,A story of someone's life written by another person ,,,,,,,,,,,,,,,,,,,
FRs6fgJZjt4_w,distinguish,FRs6fgJZjt4_d,"to notice or understand the difference between two things, or to make one person or thing seem different from another",,,,,,,,,,,,,,,,,,,
FDJaEKvAQdc_w,message,FDJaEKvAQdc_d,a short piece of information that you give to a person when you cannot speak to them directly,,,,,,,,,,,,,,,,,,,
zY6iSs8xJKE_w,zone,zY6iSs8xJKE_d,"to give a special purpose to a particular area, such as an area in a town",,,,,,,,,,,,,,,,,,,
2ldqLNKUekA_w,character,2ldqLNKUekA_d,the particular combination of qualities in a person or place that makes them different from others,,,,,,,,,,,,,,,,,,,
G2uGKFEY6ZQ_w,overt,G2uGKFEY6ZQ_d,done or shown publicly or in an obvious way and not secret,,,,,,,,,,,,,,,,,,,
Efx9Z-mQGHw_w,afford,Efx9Z-mQGHw_d,to be able to buy or do something because you have enough money or time,,,,,,,,,,,,,,,,,,,
RIwfym39VVM_w,inhabitant,RIwfym39VVM_d,a person or animal that lives in a particular place,,,,,,,,,,,,,,,,,,,
CTRMyQvvHgk_w,disturb,CTRMyQvvHgk_d,to interrupt what someone is doing,,,,,,,,,,,,,,,,,,,
y6GXb6WSuCU_w,tolerant,y6GXb6WSuCU_d,"willing to accept behaviour and beliefs that are different from your own, although you might not agree with or approve of them",,,,,,,,,,,,,,,,,,,
g0q93htmqBk_w,extended,g0q93htmqBk_d,long or longer than usual,,,,,,,,,,,,,,,,,,,
0YoN6sdJ84Y_w,pretend,0YoN6sdJ84Y_d,"to behave as if something is true when you know that it is not, especially in order to deceive people or as a game",,,,,,,,,,,,,,,,,,,
IGjd6dWiXvE_w,manager,IGjd6dWiXvE_d,a person responsible for controlling or administering an   organization or group of staff.,,,,,,,,,,,,,,,,,,,
63BZd84xk-c_w,abroad,63BZd84xk-c_d,in or to a foreign country or countries.,,,,,,,,,,,,,,,,,,,
s2fBIGdfsxQ_w,blossom,s2fBIGdfsxQ_d,"to change, grow, and develop full ",,,,,,,,,,,,,,,,,,,
zuG7NoktUUk_w,intrigue,zuG7NoktUUk_d,"to interest someone a lot, especially by being, strange and unusual, or mysterious. ",,,,,,,,,,,,,,,,,,,
fL4hxu29Mr4_w,wail,fL4hxu29Mr4_d,"to make a long, high cry, usually because of pain or sadness",,,,,,,,,,,,,,,,,,,
8pwnTDtKBE0_w,towards ,8pwnTDtKBE0_d,She stood up and walked towards him.,,,,,,,,,,,,,,,,,,,
U-c1RT4IfL8_w,ashamed,U-c1RT4IfL8_d,feeling guilty or embarrassed about something you have done or about a quality in your character,,,,,,,,,,,,,,,,,,,
0FUZJWoZ7Ho_w,trivial,0FUZJWoZ7Ho_d,having little value or importance,,,,,,,,,,,,,,,,,,,
vqIpNYvChdM_w,unreserved - 2,vqIpNYvChdM_d,"An unreserved seat, ticket, etc. is not being kept for a particular person to use",,,,,,,,,,,,,,,,,,,
WerZ1Hp6IDA_w,call off,WerZ1Hp6IDA_d,Cancel  ,,,,,,,,,,,,,,,,,,,
I96CIiP3WZc_w,nuisance,I96CIiP3WZc_d,something or someone that annoys you or causes trouble for you.,,,,,,,,,,,,,,,,,,,
gFlhA6DWhFA_w,duly,gFlhA6DWhFA_d,in the correct way or at the correct time; as expected,,,,,,,,,,,,,,,,,,,
wgBGl8jJQZQ_w,observation,wgBGl8jJQZQ_d,the act of observing something or someone.,,,,,,,,,,,,,,,,,,,
o5hP6kJSiyY_w,horde,o5hP6kJSiyY_d,a large group of people,,,,,,,,,,,,,,,,,,,
OuZjUm2yUB0_w,anonymous,OuZjUm2yUB0_d,"(a person) not identified by name, of unknown name ",,,,,,,,,,,,,,,,,,,
5dQrlNM9QVs_w,amphibious,5dQrlNM9QVs_d,Able to live on land and in water.,,,,,,,,,,,,,,,,,,,
1BN1txMJPpo_w,moan,1BN1txMJPpo_d,"to make a complaint in an unhappy voice, usually about something that does not seem important to other people",,,,,,,,,,,,,,,,,,,
0gXoXdqFarg_w,compensation,0gXoXdqFarg_d,money that is paid to someone in exchange for something that has been lost or damaged or for some problem,,,,,,,,,,,,,,,,,,,
BGG5x7Qr10A_w,firmly,BGG5x7Qr10A_d,in a way that will not become loose,,,,,,,,,,,,,,,,,,,
oDXfCEi7hPs_w,mood,oDXfCEi7hPs_d,the way you feel at a particular time,,,,,,,,,,,,,,,,,,,
pQfkhE7-uoA_w,accuse,pQfkhE7-uoA_d,"to say that someone has done something morally wrong, illegal, or unkind",,,,,,,,,,,,,,,,,,,
vW6TvgmaRCQ_w,acknowledge,vW6TvgmaRCQ_d,"to accept, admit, or recognize something, or the truth or existence of something.",,,,,,,,,,,,,,,,,,,
QTJhjBJ1YFA_w,reception,QTJhjBJ1YFA_d,a formal party at which important people are welcomed,,,,,,,,,,,,,,,,,,,
urUO3XFOGFQ_w,enable,urUO3XFOGFQ_d,"to make someone able to do something, or to make something possible.",,,,,,,,,,,,,,,,,,,
Y30FYoIqv30_w,frolic,Y30FYoIqv30_d,to play and behave in a happy way,,,,,,,,,,,,,,,,,,,
GuQ6ZLzpMXk_w,elevator,GuQ6ZLzpMXk_d,a platform or compartment housed in a shaft for raising and lowering people or things to different levels; a lift. ,,,,,,,,,,,,,,,,,,,
PsaESG5ARyc_w,surpass,PsaESG5ARyc_d,to do or be better than,,,,,,,,,,,,,,,,,,,
F0kiWvgS_Mo_w,employ,F0kiWvgS_Mo_d,to have someone work or do a job for you and pay them for it,,,,,,,,,,,,,,,,,,,
m1cbIXJlyQo_w,narrative,m1cbIXJlyQo_d,a story or a description of a series of events ,,,,,,,,,,,,,,,,,,,
lth5T4A_6Bw_w,liberty,lth5T4A_6Bw_d,the freedom to live as you wish or go where you want.,,,,,,,,,,,,,,,,,,,
HaqqVsp2BuE_w,actually,HaqqVsp2BuE_d,in fact or really,,,,,,,,,,,,,,,,,,,
p_FimVLJQOk_w,quiescent,p_FimVLJQOk_d,temporarily quiet and not active,,,,,,,,,,,,,,,,,,,
FvCq7gTlVpI_w,repine,FvCq7gTlVpI_d,"to feel sad or complain about something, especially a bad situation",,,,,,,,,,,,,,,,,,,
TOZ-mgzwrNg_w,culprit,TOZ-mgzwrNg_d,someone who has committed a crime or done something wrong,,,,,,,,,,,,,,,,,,,
LNPAwwKB-L8_w,warm,LNPAwwKB-L8_d,Something that is warm has some heat but not enough to be hot.,,,,,,,,,,,,,,,,,,,
e-QGcgqMfKE_w,calligraphy,e-QGcgqMfKE_d,The art of good handwriting ,,,,,,,,,,,,,,,,,,,
FJA9G_Rs3ow_w,sacrifice,FJA9G_Rs3ow_d,to give up something that is valuable to you in order to help another person,,,,,,,,,,,,,,,,,,,
OxT5AZYe8uE_w,excess capacity,OxT5AZYe8uE_d,the ability to hold or deal with a larger number of people or things than is needed at the present time,,,,,,,,,,,,,,,,,,,
yEOJ__raMkY_w,bide your time,yEOJ__raMkY_d,to wait calmly for a good opportunity to do something,,,,,,,,,,,,,,,,,,,
4dTj4Awahks_w,vaguely,4dTj4Awahks_d,"in a way that is not clearly expressed, known, described, or decided",,,,,,,,,,,,,,,,,,,
zAx6PRxBMaM_w,aggravation,zAx6PRxBMaM_d,to make a bad situation worse,,,,,,,,,,,,,,,,,,,
O9p59lV3nhU_w,reassuring,O9p59lV3nhU_d,Making you feel less worried. ,,,,,,,,,,,,,,,,,,,
AALbFZ16ms8_w,plausible,AALbFZ16ms8_d,"seeming likely to be true, or able to be believed",,,,,,,,,,,,,,,,,,,
_LbRJ0WIQOE_w,further,_LbRJ0WIQOE_d,"more, extra, or additional; - far ",,,,,,,,,,,,,,,,,,,
PePhMa1tOYg_w,evolve,PePhMa1tOYg_d,to change or develop gradually,,,,,,,,,,,,,,,,,,,
SdOXUWQqbu0_w,adroit,SdOXUWQqbu0_d,very skilful and quick in the way you think or move,,,,,,,,,,,,,,,,,,,
ngQ5qSIvcQs_w,dejected,ngQ5qSIvcQs_d,"unhappy, disappointed, or without hope",,,,,,,,,,,,,,,,,,,
NOXLwMVXFu4_w,deport,NOXLwMVXFu4_d,"to force someone to leave a country, especially someone who has no legal right to be there or who has broken the law",,,,,,,,,,,,,,,,,,,
D9O50mQ7vRo_w,bestow,D9O50mQ7vRo_d,to give something as an honour.,,,,,,,,,,,,,,,,,,,
spDHZsNp4RA_w,hunch,spDHZsNp4RA_d,raise (one's shoulders) and bend the top of one's body forward.,,,,,,,,,,,,,,,,,,,
F4s2N8TarlU_w,prominent,F4s2N8TarlU_d,very well known and important,,,,,,,,,,,,,,,,,,,
vJ6-7yqLuL4_w,refrain,vJ6-7yqLuL4_d,to avoid doing or stop yourself from doing something,,,,,,,,,,,,,,,,,,,
_52T6uMp5X8_w,rapport,_52T6uMp5X8_d,A good understanding of someone and an ability to communicate well with them.,,,,,,,,,,,,,,,,,,,
9pN1y7vMnEg_w,bossy,9pN1y7vMnEg_d,A bossy person is always telling people what to do.,,,,,,,,,,,,,,,,,,,
KI9kybD4Jig_w,reconciliation,KI9kybD4Jig_d,a situation in which two people or groups of people become friendly again after they have argued,,,,,,,,,,,,,,,,,,,
qXGli6f2E14_w,dissipate,qXGli6f2E14_d,to (cause to) gradually disappear or waste,,,,,,,,,,,,,,,,,,,
ZtpWFfDRU3k_w,hike,ZtpWFfDRU3k_d,"a long walk, especially in the countryside",,,,,,,,,,,,,,,,,,,
Fwfx0nVgcFk_w,collapse,Fwfx0nVgcFk_d,to fall down suddenly because of pressure or having no strength or support,,,,,,,,,,,,,,,,,,,
SVXQA7MYbQg_w,forsake,SVXQA7MYbQg_d,"to leave someone for ever, especially when they need you",,,,,,,,,,,,,,,,,,,
C2Y-lifiGVQ_w,talent,C2Y-lifiGVQ_d,"(someone who has) a natural ability to be good at something, especially without being taught.",,,,,,,,,,,,,,,,,,,
cZsnmlgNSqY_w,transfer,cZsnmlgNSqY_d,to make something the legal property of another person,,,,,,,,,,,,,,,,,,,
jO3GFm_acBs_w,apart,jO3GFm_acBs_d,separated by a distance or by time.,,,,,,,,,,,,,,,,,,,
Jq3XIYZKLPc_w,million,Jq3XIYZKLPc_d,"the number 1,000,000",,,,,,,,,,,,,,,,,,,
9BKcG6j7LDU_w,vain,9BKcG6j7LDU_d,unsuccessful; of no value,,,,,,,,,,,,,,,,,,,
EPNiDVjb9dA_w,beyond,EPNiDVjb9dA_d,further away in the distance (than something),,,,,,,,,,,,,,,,,,,
kA8MCHBN9tE_w,unreserved - 1,kA8MCHBN9tE_d,without any doubts or feeling uncertain; total,,,,,,,,,,,,,,,,,,,
Z8hLyxzQwK4_w,query,Z8hLyxzQwK4_d,"a question, often expressing doubt about something or looking for an answer from an authority.",,,,,,,,,,,,,,,,,,,
vqZXHlFxLmA_w,cringe,vqZXHlFxLmA_d,to feel very embarrassed,,,,,,,,,,,,,,,,,,,
pmwPef49KGE_w,convivial,pmwPef49KGE_d,friendly and making you feel happy and welcome,,,,,,,,,,,,,,,,,,,
6egMMBnQUbY_w,integrate,6egMMBnQUbY_d,"to mix with and join society or a group of people, often changing to suit their way of life, habits, and customs",,,,,,,,,,,,,,,,,,,
PcQgB9TbATk_w,maintenance,PcQgB9TbATk_d,"the work needed to keep a road, building, machine, etc. in good condition.",,,,,,,,,,,,,,,,,,,
j60L0ng_gGs_w,certain,j60L0ng_gGs_d,"having no doubt or knowing exactly that something is true, or known to be true, correct, exact, or effective",,,,,,,,,,,,,,,,,,,
ekLLpYdKPsY_w,eccentric,ekLLpYdKPsY_d,"strange or unusual, sometimes in a humorous way",,,,,,,,,,,,,,,,,,,
H_ry9HoXblM_w,attempt,H_ry9HoXblM_d,"to try to do something, especially something difficult",,,,,,,,,,,,,,,,,,,
NCi0-MMvDMU_w,compare,NCi0-MMvDMU_d,to examine or look for the difference between two or more things.,,,,,,,,,,,,,,,,,,,
50Qibhk4sD0_w,preoccupied,50Qibhk4sD0_d,thinking or worrying about something too much,,,,,,,,,,,,,,,,,,,
Mt3ApRf_B8I_w,ponder,Mt3ApRf_B8I_d,"think about (something) carefully, especially before making a  decision or reaching a conclusion.",,,,,,,,,,,,,,,,,,,
cxZ0S7zefIw_w,abandon,cxZ0S7zefIw_d,"to leave a place, thing, or person, usually for ever",,,,,,,,,,,,,,,,,,,
s7OirsqV-oM_w,bunch,s7OirsqV-oM_d,a number of things of the same type fastened together or in a close group,,,,,,,,,,,,,,,,,,,
2Fq4W-J5MZw_w,abuse,2Fq4W-J5MZw_d,to use something for the wrong purpose in a way that is harmful or morally wrong,,,,,,,,,,,,,,,,,,,
BC1eDWKCSpQ_w,eclectic,BC1eDWKCSpQ_d,"Methods, beliefs, ideas, etc. that are eclectic combine whatever seem the best or most useful things from many different areas or systems, rather than following a single system",,,,,,,,,,,,,,,,,,,
ocCEVsLOjVo_w,insult,ocCEVsLOjVo_d,to say or do something to someone that is rude or offensive.,,,,,,,,,,,,,,,,,,,
8WoE12Rn2SE_w,complicated,8WoE12Rn2SE_d,"involving a lot of different parts, in a way that is difficult to understand",,,,,,,,,,,,,,,,,,,
mwgNw0telVk_w,exit,mwgNw0telVk_d,the door through which you might leave a building or large vehicle,,,,,,,,,,,,,,,,,,,
wOiOzVPmwiQ_w,accolade,wOiOzVPmwiQ_d,spraise and approval,,,,,,,,,,,,,,,,,,,
BPu7NlTLvnU_w,mere,BPu7NlTLvnU_d,used to emphasize that something is not large or important,,,,,,,,,,,,,,,,,,,
u4gQJ4QACkk_w,altruism,u4gQJ4QACkk_d,unselfish interest in the welfare of others ,,,,,,,,,,,,,,,,,,,
Jr3c4UUVf0I_w,conclude,Jr3c4UUVf0I_d,"to end a speech, meeting, or piece of writing",,,,,,,,,,,,,,,,,,,
0u6f9dxpCAI_w,minister,0u6f9dxpCAI_d,a member of the government in Britain and many other countries who is in charge of a particular department or has an important position in it,,,,,,,,,,,,,,,,,,,
NHUAhGE0cMc_w,swap,NHUAhGE0cMc_d,to give something and be given something else instead,,,,,,,,,,,,,,,,,,,
pKSDna_7WYE_w,unconditionally,pKSDna_7WYE_d,in a way that is complete and not limited in any way,,,,,,,,,,,,,,,,,,,
UjoktF-iB80_w,grinch,UjoktF-iB80_d,"a person who does not like other people celebrating or enjoying themselves, especially a person who does not like Christmas",,,,,,,,,,,,,,,,,,,
u2-wesZwy0Y_w,noise,u2-wesZwy0Y_d,"a sound or sounds, especially when it is unwanted, unpleasant, or loud ",,,,,,,,,,,,,,,,,,,
t-XEXfbVUps_w,emulate,t-XEXfbVUps_d,to copy something achieved by someone else and try to do it as well as they have,,,,,,,,,,,,,,,,,,,
_z-285qczGg_w,binge-watch,_z-285qczGg_d,"to watch several episodes (= separate parts) of a television series or programme, one after another",,,,,,,,,,,,,,,,,,,
e66CYnJ_Oxs_w,mission,e66CYnJ_Oxs_d,"an important job, especially a military one, that someone is sent somewhere to do",,,,,,,,,,,,,,,,,,,
xhDEUCqqW9s_w,customer,xhDEUCqqW9s_d,a person who buys goods or a service,,,,,,,,,,,,,,,,,,,
N6jpL7uibFI_w,inspire,N6jpL7uibFI_d,to make someone feel that they want to do something and can do it,,,,,,,,,,,,,,,,,,,
Ub7UcPJ2hLI_w,anarchy,Ub7UcPJ2hLI_d,The absence of government or control in a society. ,,,,,,,,,,,,,,,,,,,
WkIcB2CD204_w,aerobics,WkIcB2CD204_d,"energetic physical exercises, often performed with a group of people to music, that make the heart, lungs, and muscles stronger and increase the amount of oxygen in the blood",,,,,,,,,,,,,,,,,,,
TDZ2Y6Du8Hg_w,quest,TDZ2Y6Du8Hg_d,"a long search for something that is difficult to find, or an attempt to achieve something difficult",,,,,,,,,,,,,,,,,,,
y3r4z0Pl-Fs_w,fetching,y3r4z0Pl-Fs_d,A fetching person or piece of clothing is attractive,,,,,,,,,,,,,,,,,,,
WxvaqYD62e4_w,kindred,WxvaqYD62e4_d,similar or related,,,,,,,,,,,,,,,,,,,
TcnFkuXDCIE_w,dishevelled,TcnFkuXDCIE_d,(of people or their appearance) very untidy,,,,,,,,,,,,,,,,,,,
Qm_K7rawb5E_w,outstanding,Qm_K7rawb5E_d,clearly very much better than what is usual,,,,,,,,,,,,,,,,,,,
Ma9iyrOrJA0_w,settle down,Ma9iyrOrJA0_d,"to start living in a place where you intend to stay for a long time, usually with your partner.",,,,,,,,,,,,,,,,,,,
z9dv8_dss7E_w,zealot,z9dv8_dss7E_d,"a person who has very strong opinions about something, and tries to make other people have them too",,,,,,,,,,,,,,,,,,,
z9dv8_dss7E_w,zealot,z9dv8_dss7E_e1,"He was forceful, but by no means a zealot.",,,,,,,,,,,,,,,,,,,
z9dv8_dss7E_w,zealot,z9dv8_dss7E_w,zealot,,,,,,,,,,,,,,,,,,,
bb3WuX4Mqo4_w,proficient,bb3WuX4Mqo4_d,skilled and experienced,,,,,,,,,,,,,,,,,,,
3TOhOciY-v8_w,abduct,3TOhOciY-v8_d,"to force someone to go somewhere with you, often using threats or violence.",,,,,,,,,,,,,,,,,,,
Vov3R-v7roU_w,enhance,Vov3R-v7roU_d,"to improve the quality, amount, or strength of something",,,,,,,,,,,,,,,,,,,
PV4FwYxTHwo_w,wry,PV4FwYxTHwo_d,Showing that you find a bad or difficult situation slightly funny.,,,,,,,,,,,,,,,,,,,
tatHTjuxlgM_w,laud,tatHTjuxlgM_d,to praise someone or something,,,,,,,,,,,,,,,,,,,
pFobpDoNLnM_w,impatient,pFobpDoNLnM_d,easily annoyed by someone's mistakes or. because you have to wait,,,,,,,,,,,,,,,,,,,
2LUrrdA633g_w,predict,2LUrrdA633g_d,"to say that an event or action will happen in the future, especially as a result of knowledge or experience",,,,,,,,,,,,,,,,,,,
azo6kLMV32E_w,nobody,azo6kLMV32E_d,not anyone ,,,,,,,,,,,,,,,,,,,
F6VCtv2uMzY_w,raconteur,F6VCtv2uMzY_d,someone who tells funny or interesting stories,,,,,,,,,,,,,,,,,,,
a-tA9XP1DTQ_w,imitate,a-tA9XP1DTQ_d,"to copy someone's speech or behavior, or to copy something as a model",,,,,,,,,,,,,,,,,,,
s3zBxbzJNkg_w,charity,s3zBxbzJNkg_d,"the giving of money, food, or help to those who need it, or an organization that does this",,,,,,,,,,,,,,,,,,,
bZVGRZcLzJE_w,engaged,bZVGRZcLzJE_d,to be engaged to someone ,,,,,,,,,,,,,,,,,,,
iLsdj7Jf6MQ_w,succumb,iLsdj7Jf6MQ_d,to lose the determination to oppose something; to accept defeat,,,,,,,,,,,,,,,,,,,
MzNbsy0wdM0_w,nerve,MzNbsy0wdM0_d,"a group of long, thin fibres (= structures like threads) that carry information or instructions between the brain and other parts of the body ",,,,,,,,,,,,,,,,,,,
69Vvb09Sq5U_w,emanate - 1,69Vvb09Sq5U_d,to express a quality or feeling through the way that you look and behave,,,,,,,,,,,,,,,,,,,
2_qktKmVcNQ_w,savvy,2_qktKmVcNQ_d,having or showing practical knowledge and experience,,,,,,,,,,,,,,,,,,,
6qJDRpoe_Yc_w,witty,6qJDRpoe_Yc_d,using words in a clever and funny way,,,,,,,,,,,,,,,,,,,
1TqHCiBoJMs_w,obtain,1TqHCiBoJMs_d,"to get something, especially by asking for it, buying it, working for it, or producing it from something else",,,,,,,,,,,,,,,,,,,
OjdtxDlr1-Y_w,underdog - 1,OjdtxDlr1-Y_d,"a person or group of people with less power, money, etc. than the rest of society",,,,,,,,,,,,,,,,,,,
mR2b0PyRTN8_w,seasoning,mR2b0PyRTN8_d,"a substance, especially salt or pepper, that is added to food to improve its flavour",,,,,,,,,,,,,,,,,,,
r-ROZtYJq7A_w,disciplinary,r-ROZtYJq7A_d,Disciplinary bodies or actions are concerned with making sure that people obey rules or regulations and that they are punished if they do not. ,,,,,,,,,,,,,,,,,,,
aIpcJDHHlWo_w,anthology,aIpcJDHHlWo_d,A collection of poems of stories ,,,,,,,,,,,,,,,,,,,
eMuNhD-cV_o_w,mental,eMuNhD-cV_o_d,"relating to the mind, or involving the process of thinking",,,,,,,,,,,,,,,,,,,
KiOQbd1JaDg_w,pick out,KiOQbd1JaDg_d,"to choose, find, or recognize something or someone in a group",,,,,,,,,,,,,,,,,,,
ilnQNJFBNao_w,revoke,ilnQNJFBNao_d,"officially cancel (a decree, decision, or promise).",,,,,,,,,,,,,,,,,,,
72lco2u92iQ_w,exhibition,72lco2u92iQ_d,"an event at which objects such as paintings are shown to the public, a situation in which someone shows a particular skill or quality to the public, or the act of showing these things",,,,,,,,,,,,,,,,,,,
6mb7FlpNvFY_w,deduction,6mb7FlpNvFY_d,the calculation of taking an amount or a part of something away from a total or the amount that is taken away,,,,,,,,,,,,,,,,,,,
Hz_bFjlgUQw_w,debate,Hz_bFjlgUQw_d,Serious discussion of a subject in which many people take part ,,,,,,,,,,,,,,,,,,,
brsHudT88m0_w,perpetual,brsHudT88m0_d,continuing for ever in the same way.,,,,,,,,,,,,,,,,,,,
SuAbKSNQQVI_w,arbitrary,SuAbKSNQQVI_d,based on chance rather than being planned or based on reason,,,,,,,,,,,,,,,,,,,
WA9EuH-2ejw_w,strive,WA9EuH-2ejw_d,"to try very hard to do something or to make something happen, especially for a long time or against difficulties",,,,,,,,,,,,,,,,,,,
KAAJ7HSglDA_w,abysmal,KAAJ7HSglDA_d,very bad,,,,,,,,,,,,,,,,,,,
yAGtGxfc6fs_w,newfangled,yAGtGxfc6fs_d,"recently made for the first time, but not always an improvement on what existed before",,,,,,,,,,,,,,,,,,,
h8-4K-hPOW8_w,discussion,h8-4K-hPOW8_d,the act of talking about something with other people and telling them your ideas or opinions.,,,,,,,,,,,,,,,,,,,
neqDSQkiVI0_w,stan,neqDSQkiVI0_d,"to greatly admire a singer or other famous person, to an extent that is unusual",,,,,,,,,,,,,,,,,,,
ci_iGsLDZ9w_w,foremost,ci_iGsLDZ9w_d,Most important or best; leading,,,,,,,,,,,,,,,,,,,
4QYv6IFjNbQ_w,underestimate - 1,4QYv6IFjNbQ_d,"to fail to guess or understand the real cost, size, difficulty, etc. of something",,,,,,,,,,,,,,,,,,,
ICg_JsFuHVs_w,elucidate,ICg_JsFuHVs_d,to explain something or make something clear,,,,,,,,,,,,,,,,,,,
w_xCnJVyPYA_w,punish,w_xCnJVyPYA_d,"to cause someone who has done something wrong or committed a crime to suffer, by hurting them, forcing them to pay money, sending them to prison, etc.",,,,,,,,,,,,,,,,,,,
DEqpFLzcLXY_w,require,DEqpFLzcLXY_d,"to need something, or to make something necessary",,,,,,,,,,,,,,,,,,,
V7Dzze8q88I_w,wholeheartedly,V7Dzze8q88I_d,in a way that is completely enthusiastic and without any doubt ,,,,,,,,,,,,,,,,,,,
jE5xC_IBFVM_w,twitchy,jE5xC_IBFVM_d,"nervous and worried, sometimes showing this through sudden movements or movements that do not appear smooth or relaxed.",,,,,,,,,,,,,,,,,,,
JHTL19FXRDs_w,stunned,JHTL19FXRDs_d,very shocked or surprised,,,,,,,,,,,,,,,,,,,
rDWLER4CzbI_w,tenable,rDWLER4CzbI_d,(of an opinion or position) able to be defended successfully or held for a particular period of time,,,,,,,,,,,,,,,,,,,
4BiIL375NuQ_w,depend on,4BiIL375NuQ_d,"to trust someone or something and know that that person or thing will help you or do what you want or expect him, her, or it to do",,,,,,,,,,,,,,,,,,,
CYCMCwZN_vc_w,ankle,CYCMCwZN_vc_d,"the joint (= place where two bones are connected) between the foot and the leg, or the thin part of the leg just above the foot",,,,,,,,,,,,,,,,,,,
NAFwB3S525c_w,emanate - 2,NAFwB3S525c_d,to come from or out of  ,,,,,,,,,,,,,,,,,,,
q7Pv3BNT4bI_w,persuade,q7Pv3BNT4bI_d,to make someone do or believe something by giving them a good reason to do it or by talking to that person and making them believe it,,,,,,,,,,,,,,,,,,,
U7QdFuJZyho_w,answer back,U7QdFuJZyho_d,to reply rudely to someone in authority.,,,,,,,,,,,,,,,,,,,
Ihhwph3nCnI_w,urge,Ihhwph3nCnI_d,"a strong wish, especially one that is difficult or impossible to control",,,,,,,,,,,,,,,,,,,
oCXHxL16lGg_w,dearth,oCXHxL16lGg_d,an amount or supply that is not large enough,,,,,,,,,,,,,,,,,,,
SUP1FI1-y7A_w,enrol,SUP1FI1-y7A_d,"to put yourself or someone else onto the official list of members of a course, college, or group",,,,,,,,,,,,,,,,,,,
OaP4MPsTaPI_w,whole,OaP4MPsTaPI_d,all of; entire.,,,,,,,,,,,,,,,,,,,
DqMYRnRJ94E_w,survive,DqMYRnRJ94E_d,"to continue to live or exist, especially after coming close to dying or being destroyed or after being in a difficult or threatening situation.",,,,,,,,,,,,,,,,,,,
Q26Pd5kro4c_w,stumble,Q26Pd5kro4c_d,to step awkwardly while walking or running and fall or begin to fall,,,,,,,,,,,,,,,,,,,
DNxiR9b7OOk_w,anger,DNxiR9b7OOk_d,a strong feeling that makes you want to hurt someone or be unpleasant because of something unfair or unkind that has happened,,,,,,,,,,,,,,,,,,,
oGNdvacriUo_w,remove,oGNdvacriUo_d,take (something) away or off from the position occupied.,,,,,,,,,,,,,,,,,,,
pIMJHKULH9U_w,taunt,pIMJHKULH9U_d,"to intentionally annoy and upset someone by making unkind remarks to them, laughing unkindly at them, etc.",,,,,,,,,,,,,,,,,,,
SlQBTWvnHCI_w,advocate,SlQBTWvnHCI_d,"to publicly support or suggest an idea, development, or way of doing something",,,,,,,,,,,,,,,,,,,
wSC4sek05uo_w,outspoken,wSC4sek05uo_d,expressing strong opinions very directly without worrying if other people are offended,,,,,,,,,,,,,,,,,,,
ZEZpV4qEQDw_w,resemble,ZEZpV4qEQDw_d,to look like or be like someone or something.,,,,,,,,,,,,,,,,,,,
iG66ukXl8o0_w,honour,iG66ukXl8o0_d,"to show great respect for someone or something, especially in public",,,,,,,,,,,,,,,,,,,
c-mirXvUBoI_w,influence,c-mirXvUBoI_d,Influence is the power to make other people agree with your opinions or do what you want.,,,,,,,,,,,,,,,,,,,
UA5mAv1SmAY_w,absorb,UA5mAv1SmAY_d,"to take something in, especially gradually",,,,,,,,,,,,,,,,,,,
2rrQeCAecbU_w,confine,2rrQeCAecbU_d,"to limit an activity, person, or problem in some way",,,,,,,,,,,,,,,,,,,
UW-QMm1pIsg_w,autonomous,UW-QMm1pIsg_d,(An organization) having the freedom to govern itself or control its own affairs.,,,,,,,,,,,,,,,,,,,
bGqx2eKgdB0_w,mellow,bGqx2eKgdB0_d,"smooth and soft, or not too sharp, bright, new, or rough",,,,,,,,,,,,,,,,,,,
LGGt1vquKd4_w,grumpy,LGGt1vquKd4_d,easily annoyed and complaining,,,,,,,,,,,,,,,,,,,
6DqUWmPTkHI_w,leave,6DqUWmPTkHI_d,"to go away from someone or something, for a short time or permanently",,,,,,,,,,,,,,,,,,,
429wv1kvK_c_w,sprinkle,429wv1kvK_c_d,to drop a few pieces or drops of something over a surface,,,,,,,,,,,,,,,,,,,
_bKPoTpqCjI_w,outpouring,_bKPoTpqCjI_d,an expression of strong feeling that is difficult to control,,,,,,,,,,,,,,,,,,,
g-MCCzbZUJ4_w,snicker,g-MCCzbZUJ4_d,to laugh at someone or something in a silly and often unkind way,,,,,,,,,,,,,,,,,,,
1A_qjxuOGNg_w,qulam,1A_qjxuOGNg_d,an uncomfortable feeling when you doubt if you are doing the right thing,,,,,,,,,,,,,,,,,,,
kJA8CfMH3Kg_w,emphasize,kJA8CfMH3Kg_d,to show that something is very important or worth giving attention to,,,,,,,,,,,,,,,,,,,
Yf5qwMvpGs0_w,interface,Yf5qwMvpGs0_d,"a connection between two pieces of electronic equipment, or between a person and a computer",,,,,,,,,,,,,,,,,,,
ktRQjBfCn-U_w,meditation,ktRQjBfCn-U_d,"Meditation is the act of remaining in a silent and calm state for a period of time, so that you are more able to deal with the problems of everyday life.",,,,,,,,,,,,,,,,,,,
Kiokngu9sGI_w,immovable,Kiokngu9sGI_d,fixed in place and impossible to move.,,,,,,,,,,,,,,,,,,,
9OAMotf4jFE_w,manufacturer,9OAMotf4jFE_d,a company that produces goods in large numbers,,,,,,,,,,,,,,,,,,,
dokyT_rJn0o_w,snuggle,dokyT_rJn0o_d,"to move yourself into a warm and comfortable position, especially one in which your body is against another person or covered by something",,,,,,,,,,,,,,,,,,,
Gfl5msAbkjk_w,heed,Gfl5msAbkjk_d,"to pay attention to something, especially advice or a warning",,,,,,,,,,,,,,,,,,,
IK7897iu8Yw_w,report,IK7897iu8Yw_d,to give a description of something or information about it to someone,,,,,,,,,,,,,,,,,,,
qFQQdsa_uhI_w,fortune,qFQQdsa_uhI_d,"a large amount of money, goods, property, etc.",,,,,,,,,,,,,,,,,,,
rxmpCLFOEbk_w,mourn,rxmpCLFOEbk_d,,,,,,,,,,,,,,,,,,,,
W1aowPLRU_U_w,behaviour,W1aowPLRU_U_d,the way that someone behaves,,,,,,,,,,,,,,,,,,,
MF29ZLOnNHc_w,racism,MF29ZLOnNHc_d,"policies, behaviours, rules, etc. that result in a continued unfair advantage to some people and unfair or harmful treatment of others based on race ",,,,,,,,,,,,,,,,,,,
FmWH_7DnOAo_w,chillax,FmWH_7DnOAo_d,to become calm and relax,,,,,,,,,,,,,,,,,,,
DB9Z1FczZoM_w,retain,DB9Z1FczZoM_d,to keep or continue to have something,,,,,,,,,,,,,,,,,,,
6sFJreYzn1c_w,persecutions,6sFJreYzn1c_d,They left the country out of fear of persecution.,,,,,,,,,,,,,,,,,,,
wOz6mUwMyeY_w,efface,wOz6mUwMyeY_d, to remove something intentionally,,,,,,,,,,,,,,,,,,,
3mMDY-zHiH8_w,ooze,3mMDY-zHiH8_d,"to flow slowly out of something through a small opening, or to slowly produce a thick sticky liquid",,,,,,,,,,,,,,,,,,,
pB3y-OgdVc4_w,initiate,pB3y-OgdVc4_d,to cause something to begin ,,,,,,,,,,,,,,,,,,,
YuvVH90llzw_w,misgiving,YuvVH90llzw_d,a feeling of doubt or worry about a future event,,,,,,,,,,,,,,,,,,,
VFVKBO9I0TA_w,alter,VFVKBO9I0TA_d,"to change something, usually slightly, or to cause the characteristics of something to change",,,,,,,,,,,,,,,,,,,
AjXeuvRxnL0_w,the wherewithal,AjXeuvRxnL0_d,the money necessary for a particular purpose,,,,,,,,,,,,,,,,,,,
eiL5yM0oUqc_w,eloquence,eiL5yM0oUqc_d,"the quality of delivering a clear, strong message",,,,,,,,,,,,,,,,,,,
Sq5AE3j8CQY_w,negotiation,Sq5AE3j8CQY_d,"the process of discussing something with someone in order to reach an agreement with them, or the discussions themselves",,,,,,,,,,,,,,,,,,,
fhND7fBEQZo_w,bulk,fhND7fBEQZo_d,something or someone that is very large.,,,,,,,,,,,,,,,,,,,
Xfo1PMZRuQM_w,regard,Xfo1PMZRuQM_d,to consider or have an opinion about something or someone                                                                                                      ,,,,,,,,,,,,,,,,,,,
6MxCP_583q8_w,ancient,6MxCP_583q8_d,"of or from a long time ago, having lasted for a very long time",,,,,,,,,,,,,,,,,,,
lcEDzDxpGvU_w,assist,lcEDzDxpGvU_d,to help,,,,,,,,,,,,,,,,,,,
HYuXJFqNOtk_w,release,HYuXJFqNOtk_d,to give freedom or free movement to someone or something,,,,,,,,,,,,,,,,,,,
qKlS0wqBfdk_w,discern,qKlS0wqBfdk_d,"to see, recognize, or understand something that is not clear",,,,,,,,,,,,,,,,,,,
h3gikil15a4_w,neighborhood,h3gikil15a4_d,"the area of a town that surrounds someone's home, or the people who live in this area",,,,,,,,,,,,,,,,,,,
1k-AsMjTZbI_w,action,1k-AsMjTZbI_d,"the process of doing something, especially when dealing with a problem or difficulty",,,,,,,,,,,,,,,,,,,
DvcwO5iqUlA_w,whisper,DvcwO5iqUlA_d,"to speak very quietly, using the breath but not the voice, so that only the person close to you can hear you",,,,,,,,,,,,,,,,,,,
eMWPveqzDsE_w,construed,eMWPveqzDsE_d,to understand the meaning of something in a particular way,,,,,,,,,,,,,,,,,,,
Dt9aqWLkAnI_w,belong to,Dt9aqWLkAnI_d,to be someone's property,,,,,,,,,,,,,,,,,,,
jkNrqIsk3v0_w,summon,jkNrqIsk3v0_d,"to order someone to come to or be present at a particular place, or to officially arrange a meeting of people",,,,,,,,,,,,,,,,,,,
Miy-F4TYnso_w,agency,Miy-F4TYnso_d,a business that represents one group of people when dealing with another group,,,,,,,,,,,,,,,,,,,
pWXcMusN_mw_w,duplicate,pWXcMusN_mw_d,to make an exact copy of something,,,,,,,,,,,,,,,,,,,
QIeft8689iA_w,agitate,QIeft8689iA_d,"to argue forcefully, especially in public, in order to achieve a particular type of change",,,,,,,,,,,,,,,,,,,
0WtA2tG2DYA_w,tact,0WtA2tG2DYA_d,the ability to say or do the right thing without making anyone unhappy or angry,,,,,,,,,,,,,,,,,,,
BWpU3Ya3iJo_w,metal,BWpU3Ya3iJo_d,"a chemical element, such as iron or gold, or a mixture of such elements, such as steel, that is generally hard and strong, and through which electricity and heat can travel",,,,,,,,,,,,,,,,,,,
QMUp3oPcLB8_w,dribble,QMUp3oPcLB8_d,The water was barely dribbling out of the tap.,,,,,,,,,,,,,,,,,,,
n-9gQsRj0kY_w,via - 1,n-9gQsRj0kY_d,going through or stopping at a place on the way to another place,,,,,,,,,,,,,,,,,,,
Opb1diw9DCg_w,garrulous,Opb1diw9DCg_d,"having the habit of talking a lot, especially about things that are not important",,,,,,,,,,,,,,,,,,,
6nwBq3QX9J0_w,inestimable,6nwBq3QX9J0_d,"extremely great, or too great to be described or expressed exactly",,,,,,,,,,,,,,,,,,,
BsarjXadUR0_w,laugh at,BsarjXadUR0_d,to show that you think someone or something is stupid.,,,,,,,,,,,,,,,,,,,
gAyLOpZm3zc_w,bargain,gAyLOpZm3zc_d,something on sale at a lower price than its true value.,,,,,,,,,,,,,,,,,,,
7S-pRkbzQ1I_w,nick,7S-pRkbzQ1I_d,to steal something  pinch,,,,,,,,,,,,,,,,,,,
BH7-iBjng_8_w,underestimate - 2,BH7-iBjng_8_d,"to fail to understand how strong, skillful, intelligent, or determined someone, especially a competitor, is",,,,,,,,,,,,,,,,,,,
veDy2PmkmFU_w,component,veDy2PmkmFU_d,"one of the parts of a system, process, or machine.",,,,,,,,,,,,,,,,,,,
SZa4F8UXb5I_w,phenomenal,SZa4F8UXb5I_d,unusually great; much more or much better.,,,,,,,,,,,,,,,,,,,
0EaLX2t1wPU_w,rapid,0EaLX2t1wPU_d,fast or sudden.,,,,,,,,,,,,,,,,,,,
W0LkToF-EPw_w,swamp,W0LkToF-EPw_d,"to have too many of something, or give someone too much to do.",,,,,,,,,,,,,,,,,,,
ii0pewO8jNI_w,surreptitious,ii0pewO8jNI_d,"done secretly, without anyone seeing or knowing",,,,,,,,,,,,,,,,,,,
vlRgT4SgD_s_w,ambiguous,vlRgT4SgD_s_d,"Having more than one meaning and, so, is unclear",,,,,,,,,,,,,,,,,,,
OkXcKTEeDrA_w,avenue,OkXcKTEeDrA_d,"a wide road with trees or tall buildings on both sides, or a wide country path or road with trees on both sides",,,,,,,,,,,,,,,,,,,
ojXO5l3LfoM_w,approximately,ojXO5l3LfoM_d,close to a particular number or time although not exactly that number or time.,,,,,,,,,,,,,,,,,,,
mtVcZlcW_sg_w,atrocious,mtVcZlcW_sg_d,of very bad quality,,,,,,,,,,,,,,,,,,,
uhg87vE3L0k_w,mannerly ,uhg87vE3L0k_d,well-mannered; polite.,,,,,,,,,,,,,,,,,,,
uVSqiNJCpLc_w,nominate,uVSqiNJCpLc_d,"to officially suggest someone for an election, job, position, or honour ",,,,,,,,,,,,,,,,,,,
yCHXjHNktm0_w,giggle,yCHXjHNktm0_d,"to laugh repeatedly in a quiet but uncontrolled way, often at something silly or rude or when you are nervous",,,,,,,,,,,,,,,,,,,
2A5tpFkt8ic_w,exult,2A5tpFkt8ic_d,"to express great pleasure or happiness, especially at someone else's defeat or failure",,,,,,,,,,,,,,,,,,,
iQh2Ly1TSpQ_w,wander,iQh2Ly1TSpQ_d,to walk around slowly in a relaxed way or without any clear purpose or direction.,,,,,,,,,,,,,,,,,,,
ZPF9GduJXiA_w,miser,ZPF9GduJXiA_d,someone who loves to keep all their money and is reluctant or unwilling to spend it. ,,,,,,,,,,,,,,,,,,,
T_Z98eebOH4_w,phenomenon,T_Z98eebOH4_d,"something that exists and can be seen, felt, tasted, etc., especially something unusual or interesting",,,,,,,,,,,,,,,,,,,
AJbqUacnP-g_w,stupendous,AJbqUacnP-g_d,"very surprising, usually in a pleasing way, especially by being large in amount or size",,,,,,,,,,,,,,,,,,,
HursY-R9rqE_w,ease,HursY-R9rqE_d,"to make or become less severe, difficult, unpleasant, painful, etc.",,,,,,,,,,,,,,,,,,,
igs1Z9qDB1k_w,rescue,igs1Z9qDB1k_d,"to help someone or something out of a dangerous, harmful, or unpleasant situation.",,,,,,,,,,,,,,,,,,,
fsV1Qztx9wE_w,expand,fsV1Qztx9wE_d,"to increase in size, number, or importance, or to make something increase in this way.",,,,,,,,,,,,,,,,,,,
hQudNswgkKE_w,author,hQudNswgkKE_d,"A writer of a book, article, or document.",,,,,,,,,,,,,,,,,,,
jk1P2yRbrEA_w,unexpected,jk1P2yRbrEA_d,not expected,,,,,,,,,,,,,,,,,,,
PK8Xkko03cs_w,assure,PK8Xkko03cs_d,"to promise or tell something to someone confidently or firmly, or to cause someone to feel certain by removing doubt",,,,,,,,,,,,,,,,,,,
f6Iw1o3XV14_w,annoy,f6Iw1o3XV14_d,to make someone angry,,,,,,,,,,,,,,,,,,,
gM7W5P_OrvQ_w,convert,gM7W5P_OrvQ_d,to (cause something or someone to) change in form or character,,,,,,,,,,,,,,,,,,,
I6_GW8TBU3E_w,agnostic,I6_GW8TBU3E_d,a person who claims neither faith nor disbelief in the existence of God,,,,,,,,,,,,,,,,,,,
LKlGF65Xgm0_w,flourish,LKlGF65Xgm0_d,to grow or develop successfully,,,,,,,,,,,,,,,,,,,
B2xV05A7TbI_w,add,B2xV05A7TbI_d,to put two or more numbers or amounts together to get a total to put two or more numbers or amounts together to get a total,,,,,,,,,,,,,,,,,,,
9nv55rJUEkA_w,peevish,9nv55rJUEkA_d,easily annoyed,,,,,,,,,,,,,,,,,,,
vhi1ETHILvY_w,residential,vhi1ETHILvY_d,relating to where you live or have lived,,,,,,,,,,,,,,,,,,,
_dwG7oAYTWo_w,necessity,_dwG7oAYTWo_d,The need for something.,,,,,,,,,,,,,,,,,,,
_dwG7oAYTWo_w,necessity,_dwG7oAYTWo_e1,Is there any necessity to reply to her letter?,,,,,,,,,,,,,,,,,,,
_dwG7oAYTWo_w,necessity,_dwG7oAYTWo_e2,Water is a necessity of life because failure to drink water in three days will cause death.,,,,,,,,,,,,,,,,,,,
_dwG7oAYTWo_w,necessity,_dwG7oAYTWo_e3,"You can come early if you want to, but there's no necessity for it.",,,,,,,,,,,,,,,,,,,
_dwG7oAYTWo_w,necessity,_dwG7oAYTWo_e4,"In my work, a computer is a necessity.",,,,,,,,,,,,,,,,,,,
_dwG7oAYTWo_w,necessity,_dwG7oAYTWo_w,necessity,,,,,,,,,,,,,,,,,,,
gCckaUKv4WM_w,suitable,gCckaUKv4WM_d,acceptable or right for someone or something ,,,,,,,,,,,,,,,,,,,
BwHKycUKnYM_w,situation,BwHKycUKnYM_d,the set of things that are happening and the conditions that exist at a particular time and place,,,,,,,,,,,,,,,,,,,
aU7Yxmt7Obw_w,argue,aU7Yxmt7Obw_d,"to speak angrily to someone, telling that person that you disagree with them.",,,,,,,,,,,,,,,,,,,
yy5l6mYvqIg_w,fulfil,yy5l6mYvqIg_d,"If you fulfill something such as a promise, dream, or hope, you do what you said or hoped you would do.",,,,,,,,,,,,,,,,,,,
Qa_xoeJIJBs_w,become,Qa_xoeJIJBs_d,to start to be,,,,,,,,,,,,,,,,,,,
R58IiIlbEPs_w,permission,R58IiIlbEPs_d,"If someone is given permission to do something, they are allowed to do it",,,,,,,,,,,,,,,,,,,
OtlvzXZG_Uk_w,succinct,OtlvzXZG_Uk_d,said in a clear and short way; expressing what needs to be said without unnecessary words,,,,,,,,,,,,,,,,,,,
yxme3eH9KiI_w,think over,yxme3eH9KiI_d,to consider an idea or plan carefully before making a decision,,,,,,,,,,,,,,,,,,,
gCeq77IenX4_w,proactive,gCeq77IenX4_d,taking action by causing change and not only reacting to change when it happens,,,,,,,,,,,,,,,,,,,
Q95GDH2EpT4_w,conscious,Q95GDH2EpT4_d,to notice that a particular thing or person exists or is present,,,,,,,,,,,,,,,,,,,
mUHIG52DXPY_w,technique,mUHIG52DXPY_d,a way of doing an activity that needs skill.,,,,,,,,,,,,,,,,,,,
V3NiqtfUBm4_w,dialogue,V3NiqtfUBm4_d,"Conversation that is written for a book, play or film.",,,,,,,,,,,,,,,,,,,
Yxi3agAUBXQ_w,relegate,Yxi3agAUBXQ_d,to put someone or something into a lower or less important rank or position,,,,,,,,,,,,,,,,,,,
hfy-JZGyIMQ_w,weird,hfy-JZGyIMQ_d,"very strange and unusual, unexpected, or not natural.",,,,,,,,,,,,,,,,,,,
0k_QNlHob74_w,break down,0k_QNlHob74_d,"If a machine or vehicle breaks down, it stops working",,,,,,,,,,,,,,,,,,,
thB4bYtMedE_w,pejorative,thB4bYtMedE_d,"expressing disapproval, or suggesting that something is not good or is of no importance",,,,,,,,,,,,,,,,,,,
FQMfuZZB4VI_w,remorse,FQMfuZZB4VI_d,a feeling of sadness and being sorry for something you have done,,,,,,,,,,,,,,,,,,,
sUGW7VoKw00_w,exempt,sUGW7VoKw00_d,free from an obligation or liability imposed on others. ,,,,,,,,,,,,,,,,,,,
F7hqMlZEL_E_w,choke up,F7hqMlZEL_E_d,to become unable to speak or almost begin to cry because of sadness or strong emotion,,,,,,,,,,,,,,,,,,,
Nu_XEya-gQA_w,effrontery,Nu_XEya-gQA_d,extreme rudeness without any ability to understand that your behaviour is not acceptable to other people,,,,,,,,,,,,,,,,,,,
H8GPCrTnXjM_w,willing,H8GPCrTnXjM_d,to be happy to do something if it needed. ,,,,,,,,,,,,,,,,,,,
AVDuEdEExK8_w,implore,AVDuEdEExK8_d,"to ask someone to do or not do something in a very sincere, emotional, and determined way",,,,,,,,,,,,,,,,,,,
nfhqebRoL08_w,direct,nfhqebRoL08_d,without anyone or anything else being involved or between,,,,,,,,,,,,,,,,,,,
3N7i4iMB4_U_w,abash,3N7i4iMB4_U_d,to embarrass someone or make them feel uncomfortable,,,,,,,,,,,,,,,,,,,
piaQCUPYog8_w,mundane,piaQCUPYog8_d,lacking interest or excitement; dull.,,,,,,,,,,,,,,,,,,,
sdmxMoHYuoU_w,objective,sdmxMoHYuoU_d,something that you plan to do or achieve ,,,,,,,,,,,,,,,,,,,
KJrJbhqosag_w,matter,KJrJbhqosag_d,"the reason for pain, worry, or a problem",,,,,,,,,,,,,,,,,,,
30weefbWxWs_w,no one,30weefbWxWs_d,no person,,,,,,,,,,,,,,,,,,,
vnOTLize640_w,flummox,vnOTLize640_d,to confuse someone so much that they do not know what to do,,,,,,,,,,,,,,,,,,,
sOeSDdQ8GhM_w,discharge,sOeSDdQ8GhM_d,"to allow someone officially to leave somewhere, especially a hospital or a law court",,,,,,,,,,,,,,,,,,,
OULWYgqS9ek_w,forbid,OULWYgqS9ek_d,"to refuse to allow something, especially officially, or to prevent a particular plan of action by making it impossible",,,,,,,,,,,,,,,,,,,
JyqULf1GsxQ_w,multiple,JyqULf1GsxQ_d,"having or involving several parts, elements, or members ",,,,,,,,,,,,,,,,,,,
WOBBWh9xyBM_w,knotty,WOBBWh9xyBM_d,(of a problem or difficulty) complicated and difficult to solve.,,,,,,,,,,,,,,,,,,,
FYrSrNzUu_s_w,enjoin,FYrSrNzUu_s_d,to tell someone to do something or to behave in a particular way,,,,,,,,,,,,,,,,,,,
ZkPqEGgCxaY_w,abnegation,ZkPqEGgCxaY_d,"the act of not allowing yourself to have something, especially something you like or want",,,,,,,,,,,,,,,,,,,
pXieXJmVbdg_w,evocative,pXieXJmVbdg_d,making you remember or imagine something pleasant,,,,,,,,,,,,,,,,,,,
3G3wXa7Ax_A_w,company,3G3wXa7Ax_A_d,"the fact of being with a person or people, or the person or people you are with",,,,,,,,,,,,,,,,,,,
mb920DFo394_w,essential,mb920DFo394_d,necessary or needed,,,,,,,,,,,,,,,,,,,
VBPM3PMRzO4_w,repudiate,VBPM3PMRzO4_d,to refuse to accept or obey something or someone; reject,,,,,,,,,,,,,,,,,,,
rLPUVyQVRb8_w,brainteaser,rLPUVyQVRb8_d,"a problem for which it is hard to find the answer, especially one which people enjoy trying to solve as a game",,,,,,,,,,,,,,,,,,,
Ul_l1OSDl7o_w,enclose,Ul_l1OSDl7o_d,to surround something,,,,,,,,,,,,,,,,,,,
Y-uc0ngCjrk_w,remedy,Y-uc0ngCjrk_d,to do something to correct or improve something that is wrong,,,,,,,,,,,,,,,,,,,
vWRDJTCpXa4_w,defamation,vWRDJTCpXa4_d,the action of damaging the reputation of a person or group by saying or writing bad things about them that are not true,,,,,,,,,,,,,,,,,,,
dqSzE5KFNZA_w,already,dqSzE5KFNZA_d,before the present time,,,,,,,,,,,,,,,,,,,
mzdCh_9o5JA_w,petulant,mzdCh_9o5JA_d,easily annoyed and complaining in a rude way like a child.,,,,,,,,,,,,,,,,,,,
VFYKgoGhbVc_w,ache,VFYKgoGhbVc_d,a continuous pain that is unpleasant but not very strong,,,,,,,,,,,,,,,,,,,
IcTCDlydAHk_w,properly,IcTCDlydAHk_d,"correctly, or in a satisfactory way",,,,,,,,,,,,,,,,,,,
gglZG3bINHs_w,tenacious,gglZG3bINHs_d,"holding tightly onto something, or keeping an opinion in a determined way",,,,,,,,,,,,,,,,,,,
Z5lCjz9u0c4_w,carry on,Z5lCjz9u0c4_d,"If you carry on doing something, you continue to do it.",,,,,,,,,,,,,,,,,,,
LAPxQ3yABkc_w,ebb,LAPxQ3yABkc_d,"If a physical or emotional feeling ebbs, it becomes less strong or disappears",,,,,,,,,,,,,,,,,,,
c1KkkUmCbrM_w,petrified,c1KkkUmCbrM_d,extremely frightened,,,,,,,,,,,,,,,,,,,
R2N4OQE-q3c_w,moreover,R2N4OQE-q3c_d,(used to add information) also and more importantly,,,,,,,,,,,,,,,,,,,
Z30Ak743EEM_w,zap,Z30Ak743EEM_d,to go somewhere or do something quickly,,,,,,,,,,,,,,,,,,,
wZ8tqkmf1kQ_w,possibility,wZ8tqkmf1kQ_d,A chance that something may happen or be true,,,,,,,,,,,,,,,,,,,
fcwVXkPLpgU_w,shrewd,fcwVXkPLpgU_d,"having or based on a clear understanding and good judgment of a situation, resulting in an advantage",,,,,,,,,,,,,,,,,,,
wIZfRACbuPo_w,funeral,wIZfRACbuPo_d,a (usually religious) ceremony for burying or burning the body of a dead person,,,,,,,,,,,,,,,,,,,
NZP5L3c_-kw_w,missile,NZP5L3c_-kw_d,a flying weapon that has its own engine so that it can travel a long distance before exploding at the place that it has been aimed at,,,,,,,,,,,,,,,,,,,
TRfzwAigL2w_w,waddle,TRfzwAigL2w_d,"(usually of a person or animal with short legs and a fat body) to walk with short steps, moving the body from one side to the other",,,,,,,,,,,,,,,,,,,
nk80uUfZnsM_w,mode,nk80uUfZnsM_d,"a way of operating, living, or behaving",,,,,,,,,,,,,,,,,,,
pIU3UECqksw_w,altercation,pIU3UECqksw_d,a loud argument or disagreement,,,,,,,,,,,,,,,,,,,
zdwZy6pMJwk_w,admit,zdwZy6pMJwk_d,"to agree that something is true, especially unwillingly.",,,,,,,,,,,,,,,,,,,
29HmB-dzhZo_w,plead,29HmB-dzhZo_d,"to make an urgent, emotional statement or request for something.",,,,,,,,,,,,,,,,,,,
r7sSMy9iqQA_w,consciousness,r7sSMy9iqQA_d,the state of understanding and realizing something,,,,,,,,,,,,,,,,,,,
fHagURBiKXE_w,upright,fHagURBiKXE_d,straight up or vertical.,,,,,,,,,,,,,,,,,,,
a2oGVqtgvwc_w,exactly,a2oGVqtgvwc_d,used when you are giving or asking for information that is completely correct,,,,,,,,,,,,,,,,,,,
wffsOMue21o_w,miracle,wffsOMue21o_d,,,,,,,,,,,,,,,,,,,,
bmqS93j8WJ8_w,capable,bmqS93j8WJ8_d,"able to do things effectively and skillfully, and to achieve resultsShe's a very capable judge.",,,,,,,,,,,,,,,,,,,
Zuk10Ula-LI_w,immaculate,Zuk10Ula-LI_d,perfectly clean or tidy,,,,,,,,,,,,,,,,,,,
qpuq0EtCurU_w,severe,qpuq0EtCurU_d,"causing very great pain, difficulty, worry, damage, etc.; very serious",,,,,,,,,,,,,,,,,,,
OpaA62WVcgE_w,errand,OpaA62WVcgE_d,a short journey either to take a message or to take or collect something.,,,,,,,,,,,,,,,,,,,
2BPZs83dBQg_w,particularly,2BPZs83dBQg_d,"especially, or more than usual",,,,,,,,,,,,,,,,,,,
ZjGAKalxAYU_w,reflect,ZjGAKalxAYU_d,"to show, express, or be a sign of something",,,,,,,,,,,,,,,,,,,
YaFdfkMozE4_w,come down with,YaFdfkMozE4_d,"to start to suffer from an illness, especially one that is not serious",,,,,,,,,,,,,,,,,,,
R7Mdus_PuVk_w,gloat,R7Mdus_PuVk_d,to feel pleasure because to your own success/ good luck or someone else's failure/bad luck.,,,,,,,,,,,,,,,,,,,
qGj5J3oI100_w,neither,qGj5J3oI100_d,not either of two things or people ,,,,,,,,,,,,,,,,,,,
IfXpH2RFlP4_w,shatter,IfXpH2RFlP4_d,to (cause something to) break suddenly into very small pieces,,,,,,,,,,,,,,,,,,,
3hAYTF2TKGc_w,redo,3hAYTF2TKGc_d,to do something again,,,,,,,,,,,,,,,,,,,
HStLfm7kKck_w,crucial,HStLfm7kKck_d,Extremely important or necessary ,,,,,,,,,,,,,,,,,,,
OmSt-ldl6_A_w,arrange,OmSt-ldl6_A_d,"to plan, prepare for, or organize something. ",,,,,,,,,,,,,,,,,,,
X5Fy2cQbje4_w,adventure,X5Fy2cQbje4_d,"an unusual, exciting, and possibly dangerous activity, such as a trip or experience, or the excitement produced by such an activity",,,,,,,,,,,,,,,,,,,
AHaC7ncPHjM_w,diverse,AHaC7ncPHjM_d,Including Many different types of people or things.,,,,,,,,,,,,,,,,,,,
YuqMCQusc9I_w,jerk,YuqMCQusc9I_d,"to make a short sudden movement, or to cause someone or something to do this.",,,,,,,,,,,,,,,,,,,
XYAkPuNj0Q8_w,convenient,XYAkPuNj0Q8_d,suitable for your purposes and needs and causing the least difficulty,,,,,,,,,,,,,,,,,,,
FFAtBcMZ44Y_w,quote,FFAtBcMZ44Y_d,to repeat the words that someone else has said or written,,,,,,,,,,,,,,,,,,,
21Toxytaq_A_w,bolster,21Toxytaq_A_d,to support or improve something or make it stronger,,,,,,,,,,,,,,,,,,,
oM71coRMGt0_w,against,oM71coRMGt0_d,next to and touching or being supported by (something),,,,,,,,,,,,,,,,,,,
WX4SAl0w4fA_w,embarrassed,WX4SAl0w4fA_d,feeling ashamed or shy,,,,,,,,,,,,,,,,,,,
oGa_MzmEhfE_w,bad tempered,oGa_MzmEhfE_d,A bad-tempered person becomes angry and annoyed easily.,,,,,,,,,,,,,,,,,,,
A_ND2Q9fO2s_w,embassy,A_ND2Q9fO2s_d,the group of people who represent their country in a foreign country,,,,,,,,,,,,,,,,,,,
48WUtsrvBYg_w,soothing,48WUtsrvBYg_d,making you feel calm,,,,,,,,,,,,,,,,,,,
bJA2HuIKJTQ_w,afraid,bJA2HuIKJTQ_d,Used to express polite or formal apology or regret.,,,,,,,,,,,,,,,,,,,
OEimyhS2v48_w,announce,OEimyhS2v48_d,to make something known or tell people about something officially.,,,,,,,,,,,,,,,,,,,
QqMFMk07hbc_w,aspiring,QqMFMk07hbc_d,wishing to become successful in a particular type of job or activity,,,,,,,,,,,,,,,,,,,
DAncSE6TBaA_w,ceo,DAncSE6TBaA_d,chief executive officer the person with the most important position in a company,,,,,,,,,,,,,,,,,,,
2H-t8bYQGUE_w,flexible,2H-t8bYQGUE_d,able to change or be changed easily according to the situation.  ,,,,,,,,,,,,,,,,,,,
S9qHBdiXN4U_w,treatment,S9qHBdiXN4U_d,"the use of drugs, exercises, etc. to cure a person of an illness or injury.",,,,,,,,,,,,,,,,,,,
B7idRBMZUvw_w,brawl,B7idRBMZUvw_d,"to fight in a rough, noisy, uncontrolled way",,,,,,,,,,,,,,,,,,,
Zv9uPzMreHQ_w,convince,Zv9uPzMreHQ_d,to persuade someone or to cause someone to believe something or to do something.,,,,,,,,,,,,,,,,,,,
cJ0FKENj2P0_w,unfamiliar,cJ0FKENj2P0_d,not known to you,,,,,,,,,,,,,,,,,,,
1_DthSKKZDU_w,demonstrate,1_DthSKKZDU_d,to show or make something clear.,,,,,,,,,,,,,,,,,,,
vi-htncM10c_w,cognitive,vi-htncM10c_d,connected with thinking or conscious mental processes,,,,,,,,,,,,,,,,,,,
OLodODJ-AVU_w,favor,OLodODJ-AVU_d,approval or support of someone or something,,,,,,,,,,,,,,,,,,,
u780GxfAR7M_w,cranky,u780GxfAR7M_d,easily annoyed or upset,,,,,,,,,,,,,,,,,,,
cUPWJz6KO2c_w,empathy,cUPWJz6KO2c_d,the ability to share someone else's feelings or experiences by imagining what it would be like to be in that person's situation,,,,,,,,,,,,,,,,,,,
j256zuxyfwI_w,anticipate,j256zuxyfwI_d,To imagine or expect that something will happen,,,,,,,,,,,,,,,,,,,
Py6-Ah38uGE_w,fare,Py6-Ah38uGE_d,the money that you pay for a journey in a vehicle such as a bus or train,,,,,,,,,,,,,,,,,,,
XNGLow435p8_w,recoil,XNGLow435p8_d,to move back because of fear or disgust (= dislike or disapproval),,,,,,,,,,,,,,,,,,,
j8-wc_TJVAQ_w,control,j8-wc_TJVAQ_d,"to order, limit, or rule something, or someone's actions or behavior.",,,,,,,,,,,,,,,,,,,
G4uo3UzqvGc_w,protect ,G4uo3UzqvGc_d,"to keep someone or something safe from injury, damage, or loss",,,,,,,,,,,,,,,,,,,
L86y2iRJHOU_w,alliance,L86y2iRJHOU_d,"a group of countries, political parties, or people who have agreed to work together because of shared interests or aims",,,,,,,,,,,,,,,,,,,
Tnqdxu8niOQ_w,permit,Tnqdxu8niOQ_d,to allow something,,,,,,,,,,,,,,,,,,,
nq9PduKLbQc_w,hassle,nq9PduKLbQc_d,(a situation causing) difficulty or trouble,,,,,,,,,,,,,,,,,,,
Y92FGx2FIMM_w,discrimination,Y92FGx2FIMM_d,"the unjust or prejudicial treatment of different categories of people, especially on the grounds of race, age, sex, or disability.",,,,,,,,,,,,,,,,,,,
yLYWaEPYJXE_w,heap,yLYWaEPYJXE_d,an untidy pile or mass of things,,,,,,,,,,,,,,,,,,,
fXbEW56zHiA_w,displeased,fXbEW56zHiA_d,annoyed or unhappy,,,,,,,,,,,,,,,,,,,
68GdgKqKsrk_w,issue,68GdgKqKsrk_d,a subject or problem that people are thinking and talking about.,,,,,,,,,,,,,,,,,,,
nnIo6Q41SY0_w,profound,nnIo6Q41SY0_d,felt or experienced very strongly or in an extreme way.,,,,,,,,,,,,,,,,,,,
HJEGTd-qang_w,penniless,HJEGTd-qang_d,having no money,,,,,,,,,,,,,,,,,,,
yT_roL9ern0_w,buzzy,yT_roL9ern0_d,"exciting, especially because a lot of people are present and a lot of things are happening",,,,,,,,,,,,,,,,,,,
JNhM-G9lIKQ_w,agitate,JNhM-G9lIKQ_d,to make someone feel worried or angry,,,,,,,,,,,,,,,,,,,
ZiNB03yroDw_w,expectation,ZiNB03yroDw_d,,,,,,,,,,,,,,,,,,,,
Vn-G3CrUtrg_w,deem,Vn-G3CrUtrg_d,to consider or judge something in a particular way,,,,,,,,,,,,,,,,,,,
5dfUuufFLZk_w,military,5dfUuufFLZk_d,relating to or belonging to the armed forces,,,,,,,,,,,,,,,,,,,
TDztbIZLUPI_w,pat,TDztbIZLUPI_d,to touch someone or something gently and usually repeatedly with the hand flat,,,,,,,,,,,,,,,,,,,
hlBdcAdQnUU_w,bask,hlBdcAdQnUU_d,to lie or sit enjoying the warmth especially of the sun,,,,,,,,,,,,,,,,,,,
AnhTIMU_EzI_w,euro,AnhTIMU_EzI_d,the unit of money used in most European Union countries,,,,,,,,,,,,,,,,,,,
jYVESnkt5pc_w,veracity,jYVESnkt5pc_d,"the quality of being true, honest, or accurate",,,,,,,,,,,,,,,,,,,
LKYengAeduU_w,abstain,LKYengAeduU_d,"to not do something, especially something enjoyable that you think might be bad",,,,,,,,,,,,,,,,,,,
y6F2pI1SO1g_w,disposed,y6F2pI1SO1g_d,to be willing or likely to do something,,,,,,,,,,,,,,,,,,,
6zErcTU0HNQ_w,society,6zErcTU0HNQ_d,"a large group of people who live together in an organized way, making decisions about how to do things and sharing the work that needs to be done. All the people in a country, or in several similar countries, can be referred to as a society",,,,,,,,,,,,,,,,,,,
vK4PBDsRZ1E_w,recede,vK4PBDsRZ1E_d,"to move further away into the distance, or to become less clear or less bright",,,,,,,,,,,,,,,,,,,
u8OLvh-F9Y4_w,primitive,u8OLvh-F9Y4_d,"relating to human society at a very early stage of development, with people living in a simple way without machines or a writing system",,,,,,,,,,,,,,,,,,,
qu8giahciI0_w,bribe,qu8giahciI0_d,"to try to make someone do something for you by giving them money, presents, or something else that they want.",,,,,,,,,,,,,,,,,,,